{"services":[{"serviceId":"Agriculture","serviceType":"Agriculture","properties":[{"propertyName":"Temperature","required":false,"dataType":"int","enumList":null,"min":"0","max":"65535","maxLength":0,"step":0,"unit":"","method":"RW","description":null,"defaultValue":null},{"propertyName":"Humidity","required":false,"dataType":"int","enumList":null,"min":"0","max":"65535","maxLength":0,"step":0,"unit":"","method":"RW","description":null,"defaultValue":null}],"commands":null,"events":null,"description":"检测实时温湿度和光照强度","option":"Optional"}]}